channel,interactions,avg_handle_time_sec,fcr_rate,avg_csat,compliance_violations,resolution_rate
call,230,1011.6217391304348,0.17391304347826086,3.417391304347826,0,0.7043478260869566
chat,526,463.85361216730035,0.4372623574144487,3.5627376425855513,13,0.7585551330798479
email,444,1803.5923423423424,0.1036036036036036,3.5585585585585586,13,0.75
